GuestID,FullName,BirthDate,Email,ContactNumber,Address,
G01,Ethana Ralfaela Rivers,25/12/1992,Ethana@gmail.com,63+ 9536034569,Bulacan,
G02,Elyiana Quin,30/11/1993,Elyiana@gmail.com,63+ 9344053159,Caloocan,
G03,Samuela Manyano,6/9/2000,Samuela@gmail.com,63+ 9637023159,"Complex, Pasay city",
G04,Mhona Porteza,16/3/1990,Mhona@gmail.com,63+ 9454763159,"Taytay, Rizal",
G05,Gojo Satoru,11/11/2000,Gojo@gmail.com,63+ 9994023464,"Tokyo, Jujutsu High",
G06,Mohammed Singh,14/2/1984,Mohammed@gmail.com,63+ 9134034567,Mindanao,
G07,Razzie Binx,1/1/1993,Razzie@gmail.com,63+ 9664022344,"Cavite, Imus",
G08,Minatozaki Sana,23/7/1998,Sana@gmail.com,63+ 9784016434,"Korea, Busan",
G09,Skusta Clee,15/6/1995,Skusta@gmail.com,63+ 9914023164,Manila,
G10,Pastillan Sio,26/5/1991,Pastillan@gmail.com,63+ 9224023456,"New york, Cubao",
